NaN,NaN,NaN,NaN,NaN,NaN,NaN
0.333,1.1719,1.1726,1.3,1.3968,1.4005,1.4717
0.051262,0.10461,0.033789,0.035656,0.044632,0.025083,0.031609
0.05322,0.10132,0.028743,0.035257,0.043654,0.025457,0.034349
0.056954,0.098892,0.032241,0.03624,0.046114,0.025767,0.032994
0.056387,0.099732,0.03045,0.032793,0.048208,0.025788,0.032191
0.056611,0.098454,0.028759,0.038995,0.047805,0.026072,0.033669
0.055341,0.098703,0.033946,0.038356,0.045664,0.024911,0.034604
0.056075,0.096762,0.028751,0.037208,0.04428,0.025688,0.035797
0.060483,0.09955,0.031726,0.036096,0.046555,0.025783,0.034068
0.060514,0.098451,0.030542,0.035726,0.046944,0.026093,0.033218
0.060878,0.09509,0.028544,0.035709,0.045676,0.025944,0.03333
0.063052,0.092762,0.03405,0.034198,0.04591,0.025098,0.034215
0.061303,0.088109,0.030457,0.037432,0.044733,0.025654,0.032719
0.055785,0.084989,0.031474,0.037475,0.046585,0.026375,0.032885
0.050789,0.091125,0.031167,0.037915,0.04807,0.025767,0.034008
0.046039,0.079579,0.028316,0.03658,0.046894,0.02654,0.034619
0.043586,0.064819,0.032549,0.035495,0.045891,0.02511,0.032772
0.044928,0.050674,0.032859,0.036755,0.04319,0.025443,0.033903
0.043919,0.046986,0.38236,0.040582,0.044905,0.026025,0.034363
0.045725,0.04449,0.55959,0.048704,0.046935,0.025366,0.034177
0.043244,0.039078,0.22535,0.039964,0.046378,0.026047,0.033425
0.041556,0.037505,0.37887,0.037739,0.047346,0.02564,0.0323
0.045566,0.036047,0.41044,0.036209,0.04584,0.025557,0.032521
0.046456,0.041705,0.43978,0.0348,0.044875,0.025836,0.034965
0.043681,0.036562,0.29311,0.036321,0.049065,0.026233,0.034648
0.041419,0.03753,0.1716,0.036458,0.046033,0.026057,0.034784
0.044611,0.037375,0.11685,0.037792,0.044896,0.025583,0.035343
0.045602,0.035336,0.1068,0.037419,0.04557,0.025367,0.037029
0.045808,0.034278,0.10594,0.035789,0.045273,0.02646,0.036294
0.04275,0.036864,0.10353,0.036307,0.047525,0.025923,0.034801
0.043721,0.039726,0.10465,0.037149,0.045688,0.026351,0.035434
0.044592,0.035698,0.10626,0.033683,0.045001,0.025473,0.036395
0.044914,0.037403,0.10376,0.037243,0.046232,0.025259,0.036549
0.046397,0.035919,0.097912,0.036349,0.044448,0.025643,0.035561
0.04278,0.034013,0.090624,0.036486,0.046685,0.025662,0.034966
0.042761,0.032733,0.089858,0.036093,0.045891,0.026184,0.03689
0.045574,0.035198,0.085118,0.035527,0.045524,0.025749,0.037158
0.046275,0.039726,0.086735,0.036921,0.04689,0.025457,0.036518
0.04442,0.034753,0.08489,0.036,0.04414,0.025697,0.034325
0.042195,0.036371,0.08661,0.038289,0.048345,0.025958,0.03601
0.043503,0.03492,0.083302,0.038135,0.047755,0.025732,0.036546
0.049123,0.038974,0.079628,0.035757,0.072535,0.35974,0.0369
0.055922,0.046543,0.081026,0.036282,0.079573,0.24885,0.034982
0.047833,0.04758,0.076525,0.034872,0.063822,0.15429,0.035375
0.046568,0.047605,0.073913,0.034889,0.05119,0.20627,0.036164
0.047612,0.038123,0.070916,0.037117,0.048571,0.18812,0.036779
0.0449,0.040591,0.072033,0.038352,0.04318,0.093921,0.035895
0.045717,0.037172,0.069879,0.03673,0.047366,0.069665,0.035319
0.041943,0.035148,0.06714,0.035837,0.045205,0.058077,0.036619
0.04388,0.033277,0.064681,0.035238,0.046988,0.051659,0.036766
0.0458,0.035117,0.066091,0.036403,0.045184,0.048342,0.03492
0.044924,0.040025,0.067028,0.035032,0.04254,0.045906,0.035386
0.044502,0.034112,0.061759,0.038458,0.04689,0.045012,0.036083
0.041959,0.037692,0.056861,0.037005,0.045023,0.046674,0.035873
0.043931,0.036019,0.05446,0.035309,0.046329,0.043513,0.03451
0.044858,0.03334,0.051053,0.03618,0.044259,0.040139,0.034262
0.045546,0.031871,0.055961,0.034233,0.043003,0.036695,0.035505
0.044204,0.034863,0.049741,0.035366,0.045619,0.033148,0.036507
0.044253,0.038601,0.048755,0.036002,0.047291,0.03263,0.035371
0.04652,0.03424,0.047178,0.037969,0.047107,0.031425,0.033863
0.044301,0.036457,0.045626,0.036797,0.045821,0.030579,0.034419
0.045387,0.035253,0.050384,0.03549,0.042504,0.030467,0.035523
0.042863,0.033122,0.0462,0.036427,0.045527,0.029526,0.035666
0.042823,0.031595,0.045713,0.034208,0.046581,0.030275,0.034257
0.046358,0.036542,0.044957,0.032253,0.046862,0.03038,0.034404
0.045034,0.037734,0.042898,0.036168,0.045261,0.029525,0.036098
0.043944,0.035846,0.048688,0.037322,0.043664,0.030011,0.037315
0.042966,0.036311,0.043671,0.053098,0.045563,0.029063,0.034422
0.043873,0.034006,0.043882,0.26709,0.046727,0.029472,0.035603
0.044708,0.031777,0.041597,0.39179,0.046473,0.028645,0.036496
0.045517,0.0312,0.040763,0.25572,0.045058,0.028086,0.036037
0.042641,0.037254,0.04452,0.20601,0.042414,0.027669,0.034427
0.043166,0.037435,0.041046,0.19081,0.043758,0.026386,0.035518
0.043831,0.036264,0.04214,0.14413,0.046704,0.027069,0.035985
0.043223,0.035993,0.040851,0.094959,0.046547,0.026971,0.035672
0.045581,0.033866,0.038738,0.070096,0.044435,0.026494,0.034447
0.042689,0.032414,0.046141,0.057873,0.043807,0.026744,0.034206
0.043432,0.031578,0.041626,0.05237,0.045874,0.026018,0.034839
0.046089,0.038436,0.041843,0.047843,0.045973,0.026147,0.037025
0.045556,0.033395,0.040354,0.046273,0.045507,0.025314,0.03609
0.045476,0.036236,0.039461,0.043601,0.044595,0.025111,0.033569
0.041978,0.03535,0.046148,0.04213,0.043355,0.025925,0.0337
0.04405,0.033257,0.042113,0.041597,0.044399,0.025311,0.035656
0.044155,0.031291,0.042213,0.03966,0.046466,0.025564,0.036269
0.046673,0.032419,0.040566,0.042337,0.044932,0.025055,0.035003
0.043924,0.038538,0.038932,0.04139,0.042469,0.025163,0.035145
0.042824,0.032429,0.045066,0.041046,0.043895,0.026091,0.0359
0.043636,0.036266,0.041856,0.040455,0.043171,0.024918,0.03697
0.044562,0.035257,0.040269,0.039619,0.047146,0.025013,0.035604
0.045723,0.03201,0.039156,0.038486,0.043797,0.025136,0.035588
0.04232,0.083566,0.038494,0.03913,0.042577,0.024394,0.03651
0.045446,0.59139,0.044742,0.039,0.044546,0.02565,0.036739
0.045926,0.67784,0.040144,0.03926,0.046919,0.024567,0.035218
0.068368,0.40975,0.038652,0.038889,0.062607,0.024992,0.087763
0.047731,0.19474,0.038658,0.038764,0.047571,0.025332,0.17393
0.0427,0.10323,0.037319,0.039349,0.042884,0.024697,0.1357
0.043362,0.1025,0.047189,0.038836,0.047238,0.024721,0.37666
0.044761,0.10025,0.040778,0.037074,0.045511,0.024054,0.6213
0.045038,0.096427,0.041695,0.036784,0.046867,0.02397,0.30628
0.043198,0.086344,0.03994,0.038857,0.045667,0.023692,0.14232
0.043253,0.078368,0.036855,0.03892,0.044262,0.023099,0.1125
0.043986,0.071143,0.04365,0.038403,0.046617,0.023531,0.12374
0.043328,0.065146,0.042344,0.038608,0.047833,0.022704,0.10308
0.043366,0.058827,0.038284,0.037439,0.048554,0.023642,0.075432
0.041804,0.052873,0.038696,0.038384,0.046057,0.023111,0.064751
0.042974,0.052631,0.037137,0.037183,0.044276,0.022653,0.060336
0.044569,0.049836,0.041426,0.038853,0.04686,0.022929,0.059775
0.045139,0.048303,0.040984,0.038475,0.046806,0.023138,0.060473
0.043402,0.046474,0.038836,0.037233,0.046737,0.022774,0.061472
0.041279,0.043723,0.038955,0.038504,0.04593,0.02339,0.05657
0.042703,0.041668,0.037534,0.036693,0.042248,0.023093,0.080864
0.043278,0.04071,0.042221,0.037932,0.045672,0.022582,0.058958
0.044393,0.04275,0.048475,0.036388,0.048009,0.023185,0.059466
0.042123,0.038745,0.34133,0.039125,0.047471,0.023276,0.060595
0.042788,0.039361,0.3843,0.039054,0.045125,0.023611,0.059436
0.045383,0.038508,0.28226,0.041181,0.044005,0.023134,0.060249
0.046045,0.036693,0.49431,0.040176,0.043815,0.022788,0.067362
0.044744,0.035084,0.43419,0.037152,0.045997,0.023173,0.063401
0.041674,0.034336,0.29184,0.036836,0.046176,0.022905,0.068984
0.042567,0.037695,0.16523,0.036969,0.045355,0.023183,0.075358
0.044512,0.035425,0.098174,0.038983,0.044512,0.022501,0.079361
0.045125,0.036854,0.081888,0.037537,0.044663,0.022791,0.083011
0.043365,0.035466,0.06858,0.037513,0.046478,0.023001,0.081778
0.043299,0.034231,0.062866,0.037611,0.046226,0.023455,0.083822
0.043889,0.032527,0.053017,0.037284,0.045707,0.02371,0.085667
0.045265,0.090769,0.048585,0.037219,0.044392,0.022963,0.089238
0.044553,0.28947,0.046648,0.03754,0.046169,0.023188,0.089254
0.042988,0.31866,0.043586,0.038476,0.047266,0.023299,0.088442
0.044066,0.42144,0.041531,0.037316,0.047951,0.022837,0.08332
0.046455,0.48165,0.039018,0.037205,0.045693,0.022914,0.074234
0.044869,0.34131,0.037622,0.0357,0.045149,0.022729,0.072562
0.045167,0.23257,0.038137,0.036612,0.045343,0.023156,0.0748
0.042251,0.20389,0.036643,0.037037,0.047534,0.023029,0.077978
0.04399,0.17897,0.036577,0.038332,0.046387,0.022879,0.075596
0.044462,0.16741,0.034022,0.037937,0.044984,0.023584,0.07656
0.046245,0.15614,0.033155,0.036189,0.046017,0.023325,0.07906
0.043241,0.15111,0.035429,0.038039,0.042683,0.02281,0.079965
0.043234,0.14791,0.033501,0.036013,0.047608,0.023867,0.074476
0.04463,0.14258,0.033501,0.03796,0.045679,0.022876,0.075981
0.04456,0.14178,0.031968,0.037268,0.044133,0.023054,0.077323
0.046155,0.13633,0.031523,0.038536,0.047402,0.022904,0.077143
0.042732,0.12634,0.032636,0.038304,0.047384,0.022558,0.080265
0.043132,0.11968,0.032449,0.037144,0.04833,0.023143,0.083107
0.045489,0.11668,0.033332,0.036231,0.045075,0.022382,0.087259
0.044106,0.11177,0.031169,0.035617,0.044611,0.023054,0.087241
0.043812,0.10993,0.03057,0.036455,0.047469,0.02281,0.08347
0.042057,0.11115,0.031801,0.038123,0.04779,0.022628,0.087483
0.043986,0.10761,0.031673,0.038415,0.047501,0.023268,0.092925
0.045511,0.10776,0.032712,0.03718,0.046404,0.02275,0.095318
0.047746,0.10502,0.030667,0.03684,0.045135,0.022926,0.098374
0.045495,0.10788,0.030209,0.03699,0.046275,0.022977,0.10241
0.044183,0.10871,0.031738,0.037175,0.048732,0.022882,0.10343
0.045028,0.11138,0.031402,0.036986,0.046623,0.023262,0.099774
0.04475,0.11388,0.031721,0.037976,0.046029,0.022423,0.095077
0.046718,0.10817,0.030717,0.039302,0.045877,0.022897,0.089017
0.043064,0.11033,0.02972,0.038326,0.046669,0.022887,0.079407
0.045756,0.098522,0.03163,0.038177,0.049543,0.02239,0.073893
0.047816,0.098346,0.033684,0.036269,0.047756,0.022981,0.073833
0.048271,0.093935,0.033091,0.037288,0.047987,0.023031,0.075151
0.047256,0.094411,0.031197,0.037809,0.047833,0.023125,0.054784
0.046358,0.096174,0.029323,0.038815,0.045453,0.022702,0.04522
0.043247,0.09862,0.030566,0.038736,0.045916,0.02291,0.044229
0.045924,0.095376,0.031999,0.037442,0.045077,0.02324,0.042623
0.047275,0.097768,0.030109,0.036667,0.043622,0.022557,0.04397
0.043917,0.095007,0.031099,0.037043,0.047266,0.022714,0.039649
0.043269,0.080937,0.029238,0.036952,0.043703,0.022988,0.040468
0.045808,0.075297,0.03058,0.03656,0.0484,0.022943,0.041835
0.046028,0.063477,0.031491,0.038952,0.044599,0.022798,0.042341
0.04569,0.060799,0.030524,0.038867,0.044389,0.022681,0.03913
0.043113,0.056306,0.03129,0.03741,0.047345,0.022796,0.039849
0.043728,0.050607,0.029081,0.03759,0.046049,0.023134,0.043092
0.046741,0.045212,0.029868,0.036271,0.047069,0.023162,0.042696
0.046235,0.04291,0.031381,0.037583,0.045094,0.022837,0.039764
0.044644,0.048421,0.030289,0.038423,0.044561,0.023072,0.040353
0.041934,0.044351,0.030786,0.0396,0.046365,0.023043,0.041716
0.04377,0.045027,0.028622,0.038986,0.046645,0.0235,0.041657
0.045262,0.044792,0.030118,0.038584,0.04611,0.023251,0.041696
0.046025,0.041023,0.03185,0.036991,0.044385,0.023058,0.040736
0.043798,0.038441,0.03011,0.036739,0.045049,0.022719,0.042726
0.043171,0.038603,0.030656,0.036897,0.045117,0.022981,0.040788
0.045594,0.045471,0.028768,0.038746,0.045893,0.023155,0.042248
0.043721,0.037803,0.029181,0.037685,0.045065,0.023062,0.040309
0.043817,0.04317,0.031836,0.037713,0.045231,0.023208,0.042613
0.042799,0.040086,0.029472,0.037194,0.04597,0.023099,0.041022
0.044539,0.037802,0.030678,0.037426,0.043108,0.02263,0.041768
0.046845,0.035154,0.028804,0.036317,0.044217,0.022966,0.039494
0.046616,0.034576,0.029584,0.037459,0.045069,0.022917,0.041152
0.043306,0.043099,0.031189,0.038911,0.043303,0.022709,0.042435
0.042108,0.035716,0.029419,0.038003,0.046267,0.022718,0.042759
0.043511,0.040044,0.030446,0.037088,0.044555,0.022451,0.039937
9.318,9.0708,9.5982,9.6657,9.8895,10.558,9.512
0,0,0,0,0,0,0
0,0,0,0,0,0,0
0,0,0,0,0,0,0
0,0,0,0,0,0,0
0,0,0,0,0,0,0
0,0,0,0,0,0,0
0,0,0,0,0,0,0
0,0,0,0,0,0,0
0,0,0,0,0,0,0
0,0,0,0,0,0,0
0,0,9.5927,9.659,0,10.091,3.5727
9.3142,9.0698,0.03127,0.038293,9.8808,0.41685,5.7792
0.045383,0.038062,0.029893,0.037474,0.046046,0.02301,0.039834
0.056927,0.051468,0.030176,0.038157,0.29242,0.023061,0.039516
0.10561,0.088008,0.066089,0.15823,0.49279,0.030176,0.64046
0.078175,0.095586,0.066236,0.17076,0.28396,0.030092,0.68757
0.080501,0.089594,0.031512,0.21763,0.23691,0.027792,0.39055
0.073204,0.21599,0.033596,0.4259,0.28889,0.027994,0.15801
0.33508,0.17321,0.035722,0.48241,0.43731,0.025569,0.11083
0.66722,0.2966,0.032157,0.27049,0.25774,0.026224,0.087335
0.50551,0.679,0.03126,0.17385,0.25938,0.023637,0.10327
0.32943,0.49742,0.031959,0.10246,0.1237,0.045353,0.07484
0.32297,0.51408,0.029728,0.095346,0.10603,0.089394,0.075501
0.25888,0.40131,0.030861,0.10398,0.64479,0.10099,0.11716
0.13076,0.25707,0.028766,0.09582,0.341,0.084777,0.082808
0.1002,0.28478,0.028904,0.10197,0.20821,0.11048,0.087229
0.11981,0.22901,0.030822,0.075578,0.098657,0.036357,0.096775
0.11373,0.527,0.029708,0.074496,0.068463,0.028884,0.097607
0.072127,0.42369,0.14494,0.069219,0.089965,0.027447,0.10144
0.069841,0.3069,0.31995,0.065496,0.50066,0.026958,0.15527
0.062168,0.23125,0.37869,0.057057,0.50789,0.052481,0.1608
0.091813,0.22169,0.43824,0.29456,0.23693,0.10357,0.75724
0.054363,0.2043,0.51103,0.36272,0.19376,0.077036,0.73539
0.13931,0.18899,0.41086,0.34026,0.16351,0.055248,0.37577
0.3715,0.16846,0.23831,0.36743,0.1356,0.073903,0.11737
0.45034,0.12017,0.13755,0.46622,0.079632,0.039443,0.11284
0.41229,0.1622,0.65366,0.25513,0.15876,0.027133,0.10543
0.57471,0.11568,0.48079,0.12187,0.54439,0.029724,0.15131
0.60281,0.15075,0.54359,0.089871,0.31586,0.029553,0.099232
0.79555,0.19546,0.35149,0.072717,0.12876,0.024536,0.133
0.39805,0.12243,0.19149,0.075248,0.10239,0.025105,0.095188
0.33995,0.15322,0.13906,0.081755,0.1032,0.025891,0.091714
0.25034,0.16121,0.12879,0.082392,0.10369,0.06984,0.099863
0.20869,0.16146,0.10527,0.0824,0.099968,0.078252,0.091221
0.20589,0.18259,0.10308,0.08069,0.11076,0.067097,0.24023
0.19633,0.18868,0.11038,0.079405,0.11095,0.044171,0.62216
0.19056,0.22363,0.086488,0.081044,0.10188,0.041927,0.19048
0.17658,0.18317,0.07068,0.074787,0.097081,0.040241,0.11233
0.16747,0.20607,0.066085,0.075935,0.083082,0.040504,0.093018
0.18043,0.31038,0.070086,0.070348,0.091815,0.040988,0.079495
0.15783,0.60885,0.071468,0.068303,0.085674,0.042481,0.069689
0.1526,0.62283,0.072896,0.067394,0.084754,0.043604,0.067872
0.18461,0.27492,0.072184,0.065327,0.076906,0.044381,0.06109
0.15675,0.19912,0.070793,0.070583,0.077954,0.044019,0.058851
0.1504,0.33938,0.071685,0.066401,0.071643,0.043836,0.061153
0.15317,0.3529,0.071184,0.063274,0.069304,0.040864,0.059855
0.15273,0.17855,0.071164,0.061302,0.06153,0.037522,0.059561
0.16409,0.1559,0.071489,0.059382,0.057915,0.034798,0.054851
0.11944,0.21582,0.068393,0.059711,0.047233,0.0304,0.056903
0.095749,0.15993,0.06862,0.058862,0.030092,0.026627,0.06133
0.085846,0.23007,0.069161,0.06174,0.030864,0.026263,0.059023
0.081611,0.49748,0.073399,0.0658,0.03141,0.025433,0.057951
0.077088,0.37119,0.068239,0.061306,0.033968,0.023832,0.058611
0.080251,0.40197,0.068422,0.052554,0.029651,0.024515,0.057478
0.081263,0.17251,0.067287,0.0548,0.028911,0.024396,0.058193
0.074938,0.1192,0.076829,0.053474,0.028225,0.024064,0.057427
0.0695,0.11684,0.066057,0.054134,0.027135,0.023912,0.056224
0.069708,0.11094,0.064609,0.052768,0.026236,0.023005,0.060398
0.068274,0.088589,0.064722,0.052622,0.027086,0.022029,0.062396
0.071922,0.08545,0.063317,0.049943,0.026629,0.020879,0.063912
0.065203,0.086991,0.063194,0.048765,0.026312,0.020069,0.066599
0.066991,0.086182,0.063825,0.050382,0.027115,0.019987,0.069466
0.068557,0.087217,0.063651,0.049992,0.027878,0.02009,0.070512
0.070078,0.088088,0.063335,0.048631,0.026508,0.019397,0.072663
0.065749,0.088995,0.061736,0.048642,0.02683,0.019416,0.073488
0.062189,0.12975,0.061478,0.050146,0.026977,0.019279,0.078002
0.061132,0.12325,0.062199,0.04838,0.026627,0.01923,0.083737
0.063572,0.088858,0.061068,0.047511,0.027196,0.019298,0.076462
0.064441,0.093342,0.059502,0.047683,0.027093,0.01944,0.072654
0.062796,0.097583,0.058499,0.048414,0.025703,0.019061,0.089843
0.060893,0.099165,0.059037,0.047317,0.025898,0.019281,0.095355
0.058396,0.096884,0.060858,0.04704,0.026538,0.019523,0.072068
0.059384,0.096159,0.061093,0.046124,0.02669,0.01987,0.07356
0.064743,0.1278,0.05903,0.046133,0.026431,0.019945,0.076996
0.062999,0.092849,0.060248,0.042411,0.026005,0.019887,0.086534
0.0592,0.093357,0.059415,0.04379,0.026659,0.020218,0.095891
0.062225,0.089091,0.060044,0.042961,0.026133,0.019801,0.076478
0.060284,0.12206,0.061177,0.042984,0.02696,0.020655,0.07486
0.061971,0.12721,0.060195,0.04288,0.026383,0.020371,0.075021
0.06013,0.096966,0.067055,0.043791,0.025466,0.020557,0.075876
0.059439,0.097918,0.052908,0.041565,0.025934,0.020574,0.071473
0.061411,0.13648,0.04459,0.041653,0.026198,0.020602,0.062078
0.06477,0.095619,0.038696,0.042858,0.02683,0.021297,0.053325
0.061615,0.094194,0.034846,0.041915,0.027462,0.020879,0.051475
0.061249,0.093101,0.03436,0.041453,0.026203,0.020533,0.04947
0.059545,0.092225,0.033532,0.042868,0.026414,0.020791,0.048147
0.058611,0.092113,0.032888,0.042444,0.027266,0.020659,0.048734
0.067821,0.12274,0.034089,0.040267,0.027522,0.020655,0.049081
0.061067,0.090557,0.03356,0.039857,0.027121,0.021034,0.047412
0.060153,0.087427,0.03363,0.040084,0.02752,0.021225,0.047907
0.061713,0.08494,0.033477,0.040696,0.027658,0.021803,0.048077
0.06289,0.10064,0.032705,0.040934,0.027175,0.021467,0.047037
0.064698,0.084521,0.034356,0.040472,0.027697,0.021985,0.048077
0.062939,0.085917,0.033985,0.040995,0.02703,0.022585,0.04894
0.061999,0.078291,0.033469,0.038783,0.026295,0.022365,0.047542
0.063926,0.070263,0.03263,0.039522,0.026046,0.022851,0.047557
0.068095,0.063814,0.033043,0.039408,0.026355,0.024285,0.049009
0.065202,0.057215,0.033322,0.039772,0.027198,0.024138,0.048895
0.063868,0.051596,0.032416,0.040304,0.026263,0.025122,0.047216
0.058137,0.046287,0.032737,0.040037,0.026058,0.025272,0.048197
0.059538,0.042887,0.031792,0.038686,0.026459,0.025703,0.048762
0.066942,0.043457,0.032562,0.039828,0.027623,0.026182,0.05017
0.06001,0.040049,0.033246,0.039724,0.027122,0.026322,0.050944
0.060024,0.041372,0.032786,0.040309,0.027706,0.027387,0.049994
0.05767,0.040615,0.032356,0.041451,0.02603,0.027934,0.051722
0.059112,0.037548,0.031374,0.041572,0.02525,0.026596,0.05064
0.063332,0.036161,0.032458,0.040459,0.02587,0.026495,0.052083
0.060228,0.036353,0.032751,0.039524,0.026425,0.025415,0.048326
0.058367,0.039268,0.031959,0.039149,0.025643,0.024852,0.048348
0.06324,0.037823,0.032236,0.039146,0.025431,0.024386,0.046972
0.063317,0.040011,0.030826,0.038697,0.025819,0.024396,0.0495
0.06092,0.039999,0.031591,0.038648,0.025938,0.024005,0.046874
0.060601,0.037082,0.03308,0.039433,0.02658,0.023544,0.048792
0.058132,0.034829,0.032297,0.038829,0.025077,0.023188,0.049701
0.06332,0.036396,0.032317,0.038375,0.025585,0.022989,0.047661
0.066005,0.037678,0.030633,0.037613,0.025935,0.023433,0.04679
0.060139,0.039194,0.031284,0.03856,0.025704,0.023023,0.045583
0.058104,0.039384,0.032643,0.038935,0.026198,0.022501,0.0466
0.058026,0.037678,0.031787,0.038594,0.024859,0.022975,0.046575
0.061111,0.036717,0.031792,0.038846,0.024546,0.022055,0.047048
0.06443,0.036192,0.030731,0.037866,0.025019,0.022385,0.04709
0.057852,0.036552,0.031718,0.038146,0.026217,0.022406,0.048823
0.057494,0.039981,0.032544,0.038447,0.026316,0.022445,0.050412
0.056548,0.038605,0.031195,0.038487,0.025415,0.022585,0.052062
0.056826,0.039226,0.031686,0.037767,0.025408,0.023064,0.050607
0.061964,0.038483,0.03061,0.039132,0.025388,0.022894,0.050944
0.058517,0.035862,0.031967,0.039411,0.025681,0.0226,0.053236
0.057203,0.03388,0.032769,0.03794,0.025683,0.022234,0.05518
0.059387,0.035291,0.031551,0.037365,0.024905,0.02208,0.054254
0.057044,0.037702,0.031942,0.03746,0.025409,0.022288,0.053134
0.057844,0.03786,0.030352,0.037278,0.025413,0.021875,0.053828
0.056795,0.038356,0.031459,0.037862,0.025637,0.021555,0.056339
0.055318,0.037538,0.032538,0.038745,0.02626,0.022297,0.058063
0.061265,0.034097,0.031493,0.037837,0.024886,0.021971,0.058269
0.063027,0.033039,0.03196,0.037557,0.025728,0.0227,0.059506
0.056739,0.034676,0.030657,0.038799,0.025518,0.02296,0.060357
0.057343,0.034865,0.031766,0.03782,0.025721,0.022585,0.062479
0.053325,0.036229,0.032337,0.03767,0.026082,0.022362,0.062752
0.057816,0.03621,0.031041,0.038454,0.025082,0.022306,0.065052
0.063857,0.035354,0.032937,0.038797,0.025679,0.023271,0.065261
0.057879,0.032539,0.032349,0.038966,0.026155,0.022756,0.068149
0.056738,0.031427,0.033056,0.037559,0.026247,0.021971,0.070734
0.054931,0.03327,0.033376,0.037555,0.025424,0.021964,0.073027
0.056163,0.034327,0.032866,0.037884,0.024338,0.02159,0.075168
0.060948,0.035958,0.032681,0.037629,0.025229,0.021847,0.0788
0.059212,0.035578,0.031502,0.038212,0.02585,0.021817,0.082155
0.05432,0.03452,0.032912,0.038896,0.026225,0.021174,0.082862
0.056501,0.032752,0.034626,0.037733,0.026361,0.021069,0.086464
0.058678,0.031731,0.032577,0.037915,0.024989,0.020823,0.086834
0.057746,0.033305,0.032383,0.037028,0.025487,0.020928,0.083544
0.057336,0.035725,0.031596,0.038504,0.025741,0.020495,0.084085
0.052964,0.034858,0.032828,0.038855,0.026109,0.020371,0.085888
0.057872,0.035308,0.03417,0.037788,0.025473,0.020454,0.08659
0.061729,0.033021,0.031882,0.038585,0.024839,0.020577,0.084577
0.057023,0.031974,0.032104,0.038518,0.025248,0.020854,0.087965
0.055322,0.029894,0.030996,0.038223,0.02535,0.021269,0.088327
0.052794,0.031375,0.033487,0.038678,0.026218,0.021345,0.089682
0.05485,0.033662,0.03779,0.038507,0.025767,0.02096,0.092824
0.061808,0.033805,0.032425,0.039156,0.025136,0.022062,0.097218
0.056592,0.03387,0.032436,0.03899,0.025412,0.022214,0.096342
0.05486,0.032397,0.032556,0.039096,0.025972,0.022838,0.10056
0.053585,0.031181,0.034776,0.038132,0.025307,0.022379,0.10768
0.05563,0.030653,0.034811,0.037982,0.02486,0.022122,0.10931
0.058791,0.032464,0.033665,0.038693,0.024515,0.022806,0.11459
0.057958,0.033267,0.035569,0.038238,0.02514,0.022178,0.11888
0.053862,0.03443,0.03326,0.039023,0.025709,0.022626,0.12686
0.056492,0.034061,0.033206,0.038792,0.025692,0.022855,0.12812
0.056765,0.032293,0.034877,0.039054,0.025111,0.02262,0.12791
0.13172,0.054727,0.034369,0.038462,0.22794,0.024238,0.12967
0.13638,0.072738,0.033291,0.039274,0.18845,0.031263,0.13177
0.062812,0.035768,0.031816,0.038189,0.087828,0.025285,0.12975
0.058752,0.034269,0.03257,0.038749,0.054012,0.023464,0.12936
0.058335,0.035651,0.034668,0.037758,0.039688,0.022674,0.13245
0.05541,0.033915,0.034446,0.038463,0.033329,0.022439,0.13441
0.057709,0.031759,0.032208,0.038466,0.030825,0.022271,0.133
0.053057,0.030478,0.031872,0.037771,0.029225,0.022162,0.12776
0.05671,0.030011,0.031837,0.037421,0.028401,0.0218,0.16566
0.062873,0.033221,0.034261,0.037655,0.027004,0.021456,0.11679
0.057134,0.031714,0.036157,0.21015,0.026635,0.021321,0.11021
9.3814,9.3145,9.5178,9.4276,10.449,10.593,9.4936
0,0,0,0,0,0,0
0,0,0,0,0,0,0
0,0,0,0,0,0,0
0,0,0,0,0,0,0
0,0,0,0,0,0,0
0,0,0,0,0,0,0
0,0,0,0,0,0,0
0,0,0,0,0,0,0
0,0,0,0,0,0,0
0,0,0,0,0,0,0
0,0,8.4528,9.6152,2.9389e-05,2.1748,3.1833
9.3764,9.3116,1.0249,0.036459,10.449,8.2927,6.2541
0.058136,0.0313,0.034338,0.036913,0.024246,0.021656,0.04752
0.059393,0.032938,0.034436,0.037093,0.024032,0.021117,0.046424
0.054254,0.033225,0.031848,0.037912,0.02358,0.02101,0.045545
0.056774,0.031032,0.031938,0.036189,0.024129,0.021594,0.047115
0.061109,0.030029,0.032236,0.036471,0.024168,0.021457,0.047813
0.056107,0.032712,0.034132,0.036392,0.023797,0.021318,0.045762
0.056797,0.032532,0.03368,0.036823,0.023877,0.021211,0.045425
0.052786,0.033089,0.031788,0.035669,0.023723,0.021352,0.045605
0.056063,0.032762,0.031822,0.037081,0.024183,0.021226,0.04718
0.061092,0.031508,0.031057,0.037667,0.024117,0.021437,0.046835
0.055844,0.030674,0.033742,0.037043,0.0238,0.021419,0.044989
0.053945,0.029319,0.033597,0.036202,0.02378,0.021664,0.042778
0.053656,0.032541,0.0314,0.03776,0.023294,0.021719,0.045041
0.053174,0.033059,0.031322,0.036226,0.024113,0.021429,0.045523
0.056822,0.033375,0.03123,0.03649,0.024467,0.021775,0.044421
0.056149,0.033555,0.033171,0.036592,0.02426,0.021533,0.044576
0.053147,0.032184,0.033826,0.037578,0.023863,0.0216,0.048806
0.056625,0.030755,0.031237,0.03699,0.023497,0.02152,0.047161
0.055749,0.030064,0.030924,0.035588,0.023663,0.021477,0.045024
0.058028,0.033099,0.030793,0.035949,0.02413,0.021901,0.044739
0.056006,0.031773,0.03249,0.036317,0.023632,0.021597,0.047336
0.051134,0.03398,0.032748,0.037433,0.02353,0.021297,0.048741
0.05664,0.033123,0.030353,0.037093,0.023301,0.021654,0.046056
0.058728,0.03074,0.030708,0.038408,0.023989,0.021528,0.043956
0.057652,0.030004,0.030866,0.037044,0.024049,0.021527,0.04329
0.058207,0.029706,0.032523,0.036836,0.023709,0.021747,0.048691
0.053372,0.03253,0.032976,0.036696,0.02376,0.02136,0.046401
0.055761,0.030915,0.03059,0.036538,0.023324,0.021356,0.042027
0.0594,0.032982,0.031295,0.036643,0.024281,0.021341,0.042805
0.055497,0.032637,0.030936,0.036732,0.024501,0.021353,0.046392
0.054296,0.030731,0.032124,0.037463,0.024255,0.021615,0.047161
0.051623,0.02906,0.032833,0.035909,0.024068,0.021418,0.046081
0.053683,0.031512,0.030831,0.037124,0.023369,0.021276,0.04419
0.058312,0.032227,0.031526,0.036272,0.024455,0.021545,0.043979
0.056504,0.032866,0.031206,0.036068,0.024749,0.02096,0.047261
0.053647,0.032559,0.03368,0.037596,0.024527,0.021992,0.045006
0.056355,0.031514,0.033954,0.038023,0.023931,0.021671,0.041776
0.055273,0.030166,0.032176,0.038123,0.023856,0.021709,0.042192
0.056289,0.029463,0.031598,0.036788,0.02449,0.021647,0.045469
0.05631,0.032332,0.031185,0.037051,0.024506,0.021383,0.044099
0.051253,0.030955,0.032784,0.036937,0.02405,0.021838,0.042091
0.055649,0.032698,0.033215,0.036865,0.024231,0.02152,0.041468
0.056325,0.032749,0.031621,0.036352,0.02401,0.021639,0.045335
0.05498,0.030941,0.031641,0.037023,0.02411,0.021325,0.046166
0.054465,0.029792,0.030744,0.037606,0.024488,0.021374,0.042661
0.05237,0.028765,0.03281,0.036244,0.024392,0.021402,0.042216
0.055562,0.032066,0.033385,0.036107,0.024064,0.021614,0.043908
0.058668,0.031554,0.030861,0.036126,0.023663,0.021478,0.04613
0.05452,0.03267,0.030919,0.035818,0.024543,0.02154,0.043688
0.053952,0.032768,0.030759,0.03727,0.024972,0.02165,0.042884
0.052852,0.030964,0.032847,0.037922,0.024122,0.021776,0.043211
0.052512,0.030131,0.032316,0.036135,0.024255,0.022069,0.046494
0.057659,0.029253,0.030295,0.036595,0.023696,0.021874,0.044971
0.055625,0.031749,0.030852,0.036406,0.024414,0.021167,0.042365
0.053742,0.031572,0.030309,0.035732,0.0244,0.021243,0.041103
0.055905,0.03343,0.031798,0.036422,0.023979,0.021141,0.045334
0.054958,0.033712,0.032374,0.036073,0.024033,0.021712,0.047956
0.054776,0.032001,0.029981,0.037215,0.023434,0.021229,0.045192
0.055788,0.030762,0.029908,0.036252,0.024483,0.021254,0.043521
0.051739,0.029931,0.030193,0.036779,0.024575,0.021374,0.045986
0.056131,0.032255,0.031404,0.036026,0.023837,0.021432,0.046648
0.059032,0.033241,0.031025,0.03665,0.024238,0.02226,0.045152
0.054713,0.033032,0.030884,0.03527,0.02371,0.021754,0.044284
0.054991,0.032999,0.030054,0.036888,0.024199,0.021674,0.043874
0.051883,0.031532,0.030958,0.036605,0.02448,0.021595,0.047161
0.055046,0.029715,0.032069,0.037109,0.024087,0.021241,0.045321
0.05711,0.029185,0.030884,0.036413,0.023688,0.021815,0.043742
0.054545,0.031961,0.030086,0.035776,0.023926,0.021293,0.0414
0.054954,0.02988,0.029683,0.037292,0.024245,0.021152,0.046954
0.052796,0.032509,0.030603,0.036921,0.02434,0.02098,0.044992
0.054822,0.032327,0.032097,0.038592,0.024039,0.020928,0.043107
0.057266,0.030772,0.03075,0.038549,0.024546,0.021493,0.043261
0.054153,0.029539,0.030283,0.037722,0.024211,0.021586,0.045262
0.052773,0.028773,0.030156,0.037148,0.024057,0.021183,0.047343
0.055031,0.032131,0.031305,0.037375,0.024218,0.021467,0.044038
0.054586,0.031248,0.032615,0.036567,0.023756,0.021481,0.044616
0.055021,0.032467,0.029843,0.037165,0.023899,0.021625,0.045077
0.054152,0.032257,0.030317,0.037235,0.024281,0.021721,0.046604
0.051547,0.031162,0.029685,0.036854,0.024152,0.021713,0.043605
0.05644,0.030414,0.031661,0.0363,0.024148,0.021191,0.04277
0.055817,0.029833,0.032871,0.036556,0.023903,0.021321,0.041556
0.054618,0.031919,0.032341,0.036417,0.023874,0.021572,0.04447
0.05568,0.031376,0.031919,0.036419,0.024201,0.022057,0.045807
0.053742,0.03271,0.031627,0.037704,0.024442,0.021723,0.043873
0.054719,0.032856,0.031453,0.0374,0.023973,0.021804,0.043521
0.057914,0.031259,0.032587,0.036987,0.023962,0.021719,0.044243
0.054867,0.029819,0.029929,0.036473,0.023443,0.021345,0.046222
0.054155,0.029214,0.030604,0.037005,0.023797,0.022264,0.044554
0.049494,0.031967,0.02978,0.037457,0.024224,0.022022,0.043889
0.052453,0.031739,0.031502,0.037047,0.023839,0.021703,0.042774
0.056115,0.033008,0.03249,0.045774,0.023858,0.021952,0.047205
0.055597,0.033162,0.03121,0.048201,0.023537,0.021611,0.045567
0.054327,0.031666,0.030999,0.038303,0.023987,0.022116,0.042334
0.051736,0.030464,0.030293,0.038567,0.02448,0.022185,0.04187
0.054668,0.029361,0.032768,0.036438,0.024071,0.02181,0.044996
0.054602,0.030724,0.032317,0.037461,0.023517,0.022609,0.04449
0.053785,0.032321,0.031168,0.037891,0.023413,0.022539,0.042945
0.051802,0.031722,0.031369,0.03891,0.02434,0.022516,0.041057
0.054535,0.032831,0.030316,0.037936,0.024453,0.02226,0.045217
0.053763,0.031953,0.031195,0.037589,0.024075,0.022434,0.045994
0.055425,0.029777,0.032402,0.037426,0.023517,0.02255,0.04276
0.054808,0.0292,0.029957,0.036047,0.023844,0.022385,0.042351
0.050201,0.031179,0.03033,0.036469,0.023987,0.021987,0.044873
0.055207,0.030793,0.030165,0.037225,0.024546,0.022189,0.045371
0.056335,0.032087,0.031866,0.037299,0.024308,0.02193,0.044318
0.054268,0.032733,0.032059,0.036611,0.023882,0.022215,0.043567
0.054917,0.030852,0.030244,0.038105,0.024123,0.022313,0.043187
0.052265,0.029017,0.030011,0.037751,0.024345,0.021457,0.045296
0.053619,0.028829,0.030583,0.037032,0.024463,0.022169,0.044666
0.056786,0.031942,0.031992,0.037501,0.023956,0.021915,0.042431
0.052167,0.030353,0.031165,0.037622,0.023748,0.022288,0.040759
0.052061,0.032271,0.03039,0.036986,0.023628,0.022378,0.046295
0.050054,0.032644,0.029546,0.036063,0.023921,0.022346,0.047028
0.052769,0.031246,0.030114,0.037527,0.024024,0.022109,0.042697
0.055467,0.030507,0.031256,0.036408,0.024242,0.022066,0.042216
0.052541,0.029627,0.030507,0.03738,0.023535,0.021819,0.045194
0.051649,0.031554,0.029802,0.037669,0.023871,0.022252,0.045606
0.050492,0.032303,0.029272,0.038357,0.024347,0.021873,0.044347
0.052146,0.033549,0.02934,0.037839,0.024677,0.022586,0.041106
0.057012,0.033186,0.031094,0.036948,0.024295,0.022501,0.044396
0.055401,0.032183,0.03081,0.036753,0.023427,0.022571,0.045786
0.0508,0.030209,0.029473,0.036951,0.023189,0.022539,0.044987
0.051213,0.030242,0.02961,0.037796,0.02445,0.022484,0.042764
0.053313,0.032576,0.029379,0.038679,0.024631,0.022865,0.042453
0.055923,0.034517,0.031564,0.037061,0.024443,0.070405,0.046131
0.055701,0.037071,0.032055,0.036692,0.023825,0.083598,0.044582
0.053425,0.045807,0.029715,0.036671,0.023709,0.093441,0.043765
0.054097,0.031992,0.030242,0.037141,0.024094,0.059978,0.041756
0.055421,0.030222,0.029817,0.036208,0.024338,0.041069,0.043854
0.054177,0.029623,0.031833,0.037509,0.023788,0.037208,0.045711
0.054688,0.03274,0.032488,0.038468,0.023797,0.036534,0.042743
0.050834,0.031056,0.032867,0.038328,0.024066,0.03446,0.042424
0.054851,0.032553,0.031133,0.037196,0.024463,0.034783,0.04668
0.057501,0.031857,0.03196,0.038144,0.024273,0.034115,0.045704
0.054805,0.030794,0.032118,0.03741,0.024213,0.032691,0.043868
0.055505,0.029801,0.030044,0.038318,0.023767,0.033164,0.041211
0.05079,0.029469,0.030353,0.037927,0.023833,0.035372,0.042784
0.053634,0.032379,0.029582,0.038357,0.024309,0.035874,0.046316
0.057226,0.031892,0.032577,0.037943,0.02448,0.037016,0.045576
0.053098,0.031921,0.035201,0.036818,0.023945,0.035792,0.043677
0.051663,0.031967,0.03292,0.036654,0.023703,0.037398,0.040452
0.049967,0.030268,0.032812,0.036675,0.023979,0.03485,0.045675
0.054047,0.028758,0.031344,0.037117,0.02406,0.034226,0.0444
0.056704,0.029981,0.034147,0.037628,0.0242,0.036199,0.042585
0.055046,0.032728,0.035463,0.038662,0.023759,0.037543,0.04326
0.05274,0.031073,0.033291,0.038202,0.023787,0.038255,0.044492
0.052777,0.032145,0.033921,0.036625,0.023538,0.039292,0.045465
0.054406,0.031288,0.033224,0.037187,0.024039,0.040901,0.043691
0.055061,0.029763,0.035059,0.036564,0.024137,0.036744,0.042148
0.054552,0.029017,0.034808,0.037204,0.024115,0.033453,0.043071
0.051412,0.029943,0.032709,0.037442,0.023422,0.031325,0.046333
0.055679,0.031358,0.032307,0.038039,0.023555,0.031323,0.044984
0.056401,0.031718,0.031148,0.037879,0.024103,0.031466,0.042127
0.054198,0.032316,0.033852,0.037319,0.02425,0.033227,0.041768
0.054128,0.031249,0.034194,0.037845,0.02387,0.034608,0.044873
0.049703,0.029991,0.032188,0.037667,0.023793,0.036503,0.044728
0.052353,0.029356,0.031701,0.038668,0.023692,0.035019,0.043935
0.055631,0.03154,0.03215,0.037915,0.02406,0.034828,0.042805
0.055242,0.032255,0.034436,0.037489,0.02378,0.034469,0.045935
0.052261,0.031939,0.033856,0.036315,0.023646,0.034292,0.046837
0.049853,0.0321,0.033791,0.038093,0.023493,0.034308,0.043588
0.053743,0.030584,0.033294,0.03747,0.023551,0.035979,0.042761
0.055362,0.028696,0.03325,0.037263,0.023889,0.03473,0.043731
0.053122,0.028324,0.033894,0.037033,0.023774,0.03538,0.044747
0.050887,0.03148,0.033896,0.038547,0.023868,0.032936,0.043766
0.053064,0.030128,0.031073,0.037042,0.023356,0.03135,0.042942
0.056104,0.031539,0.031013,0.036592,0.023665,0.030738,0.041649
0.055397,0.03212,0.030702,0.036819,0.023966,0.032944,0.044627
0.054362,0.031311,0.032581,0.037674,0.023828,0.035096,0.043709
0.049331,0.029115,0.032779,0.037177,0.023864,0.034019,0.041843
0.053388,0.029596,0.031358,0.038944,0.023884,0.036508,0.041213
0.056636,0.032261,0.030867,0.038704,0.023665,0.035907,0.044329
0.052867,0.031487,0.030677,0.037422,0.023739,0.040836,0.045157
0.052187,0.032421,0.031919,0.037431,0.024151,0.034767,0.04254
0.04917,0.031844,0.032822,0.038988,0.023633,0.034292,0.042726
0.052916,0.029571,0.031014,0.038252,0.023639,0.033618,0.04315
0.058941,0.028988,0.030825,0.037895,0.023793,0.032191,0.045075
